referenceDataUserId,phoneNumber,email,allowNotify,emailVerified
a337ec45-31a0-4f2b-9b2e-a105c4b669bb,,administrator@openlmis.org,true,true
56a50e9a-9668-437d-a09c-7e709ce22222,,devadmin@openlmis.org,true,true
c994d1ea-47f7-435d-9d4d-42fb54197698,,srmanager1@openlmis.org,true,true
f72bf4ee-eb86-4bfd-be88-4f481f4e2fe0,,srmanager2@openlmis.org,true,true
7d6c0269-0c6a-4c9a-a098-46de276b9d26,,srmanager3@openlmis.org,true,true
c54df462-66d8-4a02-bee9-b786fe2f30ee,,olmis.user@gmail.com,true,true
cb5cd52f-f205-475d-8763-90852839424d,,smanager1@openlmis.org,true,true
9b2778af-5372-4410-a5c8-899e7f74296b,,smanager2@openlmis.org,true,true
2fbe9be3-f5e4-47ec-a10a-f3380c0daf75,,smanager3@openlmis.org,true,true
469c6e1c-aab7-4640-8925-f3c34bbe752d,,smanager4@openlmis.org,true,true
573cf089-dfff-4273-b353-d94058164e55,,dsrmanager@openlmis.org,true,true
2bb552b3-0324-42ef-bb21-c5cc74a38592,,psupervisor@openlmis.org,true,true
247b366d-f8ab-4226-9ae9-a188d5ee8e22,,wclerk1@openlmis.org,true,true
476415b1-ca81-4561-a3b7-fa3d08434800,,wclerk2@openlmis.org,true,true
1e3b03a5-1d48-4de1-bb4a-389beece2277,,rivo@openlmis.org,true,true
560be32a-ea2e-4d12-ae00-1f69376ad535,,divo1@openlmis.org,true,true
0053b56d-be93-4d82-a021-b713dbaae2a9,,divo2@openlmis.org,true,true
211a6b4d-3c59-4fb2-8075-eedb79a18103,,vsrmanager1@openlmis.org,true,true
c6f44c75-d2d3-4ca9-b5e8-7eb3bf1ff31f,,vsrmanager2@openlmis.org,true,true
ce962fad-c872-4244-92fe-2f70995d311a,,vwclerk1@openlmis.org,true,true
9cc9a0a4-e434-4582-9efc-2a1de44bc1f1,,vnurse1@openlmis.org,true,true
b4eae7b4-42f6-4315-9c8c-c4ebb05213cf,,info@openlmis.org,true,true
c192b37f-f55f-4eaa-97ec-9864c6ca04c0,,testuser6@test.com,true,true
8cb00ce6-6885-4704-802f-1d29b901454a,,test@test.com,true,true
facf6588-8496-470b-b523-821ff94efc66,,test3@test.com,true,true
0eee5e76-ca01-47b0-ae7b-0886e792cd80,,test4@test.com,true,true
86985eba-2915-45c6-ae3b-f89dc809f128,,test5@test.com,true,true
c8986040-3591-4cbd-8ce0-45b9ec9daee9,,test6@test.com,true,true
87446d01-485f-4f28-a93f-7f3ec025bde8,,test7@test.com,true,true
aed6a0f7-c388-4d85-b899-d998ac205861,,test8@test.com,true,true
7a2e40a2-aeea-46e8-8a0b-9f9d82316677,,test9@test.com,true,true
ba7aa628-d6d4-4c8f-bb00-2fca48d30994,,test10@test.com,true,true
49e62743-5d0d-4eef-aafd-b6080a3aa306,,test11@test.com,true,true
70527ce7-c689-4f18-8584-8fd70f2c2ef1,,test12@test.com,true,true
3a52013d-5fed-4c62-8623-088387dcbb5b,,test13@test.com,true,true
609cf451-d3f6-484d-b483-cbb51b098924,,test14@test.com,true,true
99cba7f3-e6ce-45b5-8320-fd7d2efda0e1,,test15@test.com,true,true
be208e03-506e-4836-b7c4-9a3a1554e6e7,,test16@test.com,true,true
fb5d1a27-bec5-4752-a575-a653fe76e802,,test17@test.com,true,true
aefc316a-1b9c-45ae-b67d-51acbac35d9d,,test18@test.com,true,true
c79e8da9-d078-4273-8dfb-c5bc9b1057f3,,test19@test.com,true,true
3c693dc0-e8b2-45bc-8b5d-e9a6dbb037ea,,test20@test.com,true,true
741e9f8b-6d29-4481-8760-16da94ae7767,,test21@test.com,true,true
79323d11-cba3-463e-8f63-045ee6bb8b79,,test22@test.com,true,true
fd106df0-8440-4cc7-b11a-d19428805721,,test23@test.com,true,true
de979383-e976-44c1-8c8d-022ab4408e54,,test24@test.com,true,true
7c37baa3-87e0-46bc-a774-24c4c04491cb,,test25@test.com,true,true
41dd0924-fa8c-413b-ba4f-9ff18a2069e2,,test26@test.com,true,true
7e781b3f-902b-4375-a037-40f60a0391be,,Test27@test.com,true,true
71b97857-69c3-4976-b1b2-292db47b754d,,test28@test.com,true,true
f8de3790-2171-4803-8be2-b666497f82f6,,test29@test.com,true,true
2e0de77a-edbd-4d25-a4cb-7fc6fe4893a7,,test30@test.com,true,true
1474e06c-5885-4259-97de-1ab4a3629105,,test31@test.com,true,true
f35f1fe7-ce4d-478f-ab4d-5eacaf5e65e6,,test32@test.com,true,true
98218949-9870-4fe7-9b33-ad64c7eb3e19,,test33@test.com,true,true
1d1e8c13-39bb-4746-a7fd-fd8da218c4fe,,test34@test.com,true,true
80358fef-05e9-4a4a-a22a-1c1f55657477,,test35@test.com,true,true
ed313883-876b-4537-82e8-00b9eaed801f,,test36@test.com,true,true
f0aa5d4f-ca21-48f6-877d-1d7e7ed9cc4e,,test37@test.com,true,true
2244a98c-b537-432f-b8a1-21ca59d308db,,test38@test.com,true,true
ef7d13c8-7eae-4c32-ba1e-5b26f079e813,,test39@test.com,true,true
2c0a669b-dd57-446f-9f79-43d1a4ca06e0,,test40@test.com,true,true
feac366c-e1a2-49cb-8440-33b443191f36,,test41@test.com,true,true
0427fb1d-3cd1-4e89-9e7a-64044be8ae41,,test42@test.com,true,true
f15034ef-6c39-4a48-81ab-c3d2290b5927,,test43@test.com,true,true
35811ce7-bbf5-4104-9de2-16cb18205e02,,test44@test.com,true,true
993f8238-f67b-49c5-9a34-2ec0daeb3646,,test45@test.com,true,true
f78e1449-3b99-4818-9329-57651709dd35,,test46@test.com,true,true
a31d325f-b845-423b-b5e6-63fa43551c30,,test47@test.com,true,true
c509536c-4842-4d80-8864-1d08c96164cd,,test48@test.com,true,true
9c3278d9-9e73-482a-9a59-2d3135c3c6b1,,test49@test.com,true,true
bfee0a7c-bb85-4cc2-9990-dc8a60832427,,test50@test.com,true,true
4ca1a070-9fa1-489e-8b2b-c66797979065,,test51@test.com,true,true
5150ba8a-3a83-4aca-b86c-461bd89fb9b4,,test52@test.com,true,true
1c81a23d-53bc-48da-82a9-837d46fb97b7,,test53@test.com,true,true
b5ed451b-fec3-4315-8e59-3980afba48f1,,test54@test.com,true,true
a486aafd-3236-4c0c-9d13-b0f6d1cbc10c,,test68@test.com,true,true
c46967b6-99aa-4ed0-a8c2-d571bd776775,,test55@test.com,true,true
2ebcebbd-d3ea-4cad-b2b1-eb57a58cf125,,test56@test.com,true,true
d1a4cd16-6041-4774-aff2-3cd22c5e215e,,test57@test.com,true,true
6fdb12d0-2ffb-4283-941f-cba3402d15dc,,test58@test.com,true,true
fcfada4b-cec7-4662-b914-b4e6d35d0052,,test59@test.com,true,true
09e40768-b54f-435d-996d-2895aae6c5f0,,test60@test.com,true,true
12fc74d6-0b25-4016-9486-a5c294b4d680,,test62@test.com,true,true
2f6e72dd-2374-4420-a3b5-bd200214ec71,,test63@test.com,true,true
ffeac099-6d99-449e-8ef4-524f0ba9e344,,test64@test.com,true,true
cd63a93c-d1b9-4d35-be94-4fc909da9878,,test65@test.com,true,true
0dcb9a16-2c5e-47e8-be4c-5a65fa98477e,,test66@test.com,true,true
8ad9470c-d58f-4e2e-b951-f3df7e0a1115,,test67@test.com,true,true
c4726dcd-dfc3-4075-8ce4-36a715db314b,,test61@test.com,true,true
c6a22944-4c85-4854-95ea-35a68dca0182,,test70@test.com,true,true
014584ea-7f92-4969-8476-16a491f2187f,,test71@test.com,true,true
2c8e8207-0b3a-4397-8a4d-34a9df92e8ed,,test72@test.com,true,true
2d8f8ecf-6950-47c7-bf0a-07dffeb06d66,,test73@test.com,true,true
de5a4ac9-331a-45fe-a38f-b39392a47a46,,test74@test.com,true,true
36b1b512-bb83-4a29-9d17-f3fea7b0900b,,test75@test.com,true,true
0faed3c5-1b0e-4a52-aa32-77a7c8c60e8c,,test76@test.com,true,true
c98d22e3-c36a-4300-a60a-dc71a9a60cb3,,test77@test.com,true,true
ef4fcda8-0fcc-4064-83e6-d7beb6b81596,,test78@test.com,true,true
33503e8d-c222-4244-9392-5d6a3fd36195,,test79@test.com,true,true
8c7fe11c-0cb4-4e40-ad9a-de7cb777a1e8,,test80@test.com,true,true
cd49f88f-7422-4b17-b256-b03de21de039,,test81@test.com,true,true
093aa6a8-20a5-4b0b-89c9-16d5b7b5ee83,,test82@test.com,true,true
ec260904-bec3-4e13-a6c8-17f684a38d3c,,test83@test.com,true,true
5434d026-c91a-4edf-a383-608073c1b108,,test84@test.com,true,true
ede24470-7125-45d7-8cab-c847af0dc055,,test86@test.com,true,true
ab3bef49-911f-4c84-802b-19ef98890f0a,,test87@test.com,true,true
ad94236c-c375-42f0-b2cd-9f273a469aa9,,test88@test.com,true,true
2906a6be-5b85-479b-ac3d-9cabd6790873,,test89@test.com,true,true
8d5ed65c-7f3e-4936-89d5-b7fb5588f938,,test90@test.com,true,true
235786e4-3ea1-4479-b0b0-e38b02b89b6c,,test91@test.com,true,true
1ed56121-7629-41c2-9bb0-198433a0164b,,test92@test.com,true,true
a47fd24c-7fb3-4220-8a34-668befe3461c,,test93@test.com,true,true
fc345e61-e751-4144-ba3a-8bc006249790,,test94@test.com,true,true
6c482510-9496-4980-b4c0-79c23b2f72a4,,test95@test.com,true,true
30569271-63ce-485c-b934-eede11adbf0e,,test96@test.com,true,true
8f3873ee-fb69-4ac4-af63-ad345a8e15ca,,test97@test.com,true,true
9e8aaba2-6553-4c3b-923b-16599236db70,,test98@test.com,true,true
b871f636-759c-46a2-ac49-9df9b47ef9e5,,test99@test.com,true,true
c5f95935-3a40-4b82-9b42-d68c79f34be1,,test100@test.com,true,true
2c366934-c9c1-4761-9589-6b8493b54efd,,test101@test.com,true,true
0a1c03bf-fead-4d88-9833-6bb669751650,,test102@test.com,true,true
422b5eed-af22-4d3e-9796-9cc6849a74c2,,test103@test.com,true,true
f579f4c9-8d8d-4574-93a0-b94faf27f943,,test104@test.com,true,true
91bb5177-62fc-4720-be87-8fa136dec7bf,,test105@test.com,true,true
dd6181c5-0218-4d4e-8970-d0474d229d40,,test106@test.com,true,true
44131ea9-e134-4e1b-bb56-14299647077e,,test107@test.com,true,true
cc26ebad-64d8-4129-a612-a3423890daba,,test109@test.com,true,true
9a6071c3-3b3c-4f4e-8685-7221bad210b7,,test110@test.com,true,true
ac135565-4135-47b1-a35b-48d5f3850875,,test111@test.com,true,true
56e706f1-b440-45bf-b033-7ba3ba18bab8,,test112@test.com,true,true
d4a2f764-f01e-409f-998f-2e22d5b0cd8e,,test113@test.com,true,true
7029cd26-63be-403d-93f3-875dc8cc1675,,test114@test.com,true,true
f7c9accb-0a8f-4731-a2bd-d25097cf161a,,test115@test.com,true,true
8d55121a-5a36-4eee-9dd6-f90b10320237,,test116@test.com,true,true
6bd86156-c439-4071-93c3-c6c076d9a098,,test117@test.com,true,true
b85664cc-48dc-45d2-bc8d-947ae226ddd9,,test118@test.com,true,true
f22554b0-bc28-4ffb-9f71-7588cff2317a,,test120@test.com,true,true
3ebcfbd3-e580-4c88-9de4-d32d631d660e,,test121@test.com,true,true
2bcbc5c3-d234-4b80-8392-a20603ddc070,,test122@test.com,true,true
7bf3efdd-39bc-4af5-83de-7630e96ed0b6,,test123@test.com,true,true
70362b8b-3d83-44fd-be5e-baf8d5095dd6,,test124@test.com,true,true
ff34fa0b-924a-4e85-acfd-c1d6bb416729,,test125@test.com,true,true
ab9e7a49-af3c-444e-9788-d0206387c821,,test126@test.com,true,true
970574a3-9614-4365-b5c6-cb3aafab810b,,test130@test.com,true,true
427c8800-737e-45a9-8a6d-2585ad9a32a6,,test131@test.com,true,true
671bf757-5754-466e-a3bb-d5d80bbfa531,,test134@test.com,true,true
0cfeccbc-38fd-4b61-9d72-4a8a1ff62abe,,test135@test.com,true,true
62e10ef4-8944-4a66-ba23-566237a7f54d,,test143@test.com,true,true
c94eb7af-8019-4e3f-9dcd-71f058b121a0,,test145@test.com,true,true
460a6049-fa7a-4565-9176-775845482753,,test146@test.com,true,true
5d174a06-23a1-4b14-b442-e0bec42eea7c,,test158@test.com,true,true
32d77bf0-1acc-4558-9056-132a456e3cb0,,test161@test.com,true,true
03917d4d-450d-4a35-abe7-5c7b9405371b,,test162@test.com,true,true
a3331c69-4abe-436a-954d-a30345be5c97,,test163@test.com,true,true
a2dfc7ab-73f7-4b78-af01-f4b13987e7a2,,test165@test.com,true,true
ce62e383-2f40-4ccd-b3b7-1c583827b311,,test166@test.com,true,true
4d8885f8-07e6-4003-892b-8d42ef3593e9,,test173@test.com,true,true
d3b279b1-2ce8-462e-935c-77d4fcfbcf5b,,test175@test.com,true,true
36e04628-af78-4c37-b3bc-12b5285fe5cb,,test181@test.com,true,true
1664bfca-0020-4a2d-9674-356582dba5bf,,test182@test.com,true,true
59cd4a12-8a4a-47ef-8ab9-ddced9daef21,,test183@test.com,true,true
111a17b7-b4a9-4282-867e-b9a5ddbd195c,,test184@test.com,true,true
c702fc71-b3f7-4dc1-a783-8ed768044386,,test185@test.com,true,true
fbd77cf1-100b-4fb7-bac1-7d1a8aba86e9,,test186@test.com,true,true
20e6ab1b-21ee-427c-9092-fa5c5d602c0d,,test187@test.com,true,true
66618aac-55ac-42c6-a959-c112c47c4bdc,,test188@test.com,true,true
c66fd332-cccc-4787-9b24-9be3ba861e30,,test127@test.com,true,true
c4b662b5-7e2b-4a1b-a6ae-bb5a8c46df09,,test128@test.com,true,true
5406b542-1587-4f6b-9c00-cb5e7bdf50b8,,test129@test.com,true,true
ce1678a4-3c7f-4e91-85ca-b1e8c63d5828,,test133@test.com,true,true
ff9c1f01-f857-42ba-ba58-0959d1ecfcf6,,test137@test.com,true,true
6f9effbb-4ea6-4b56-8a35-ca0829924c23,,test138@test.com,true,true
b3640f3d-5624-4ed3-be7a-7ceff9cdf616,,test139@test.com,true,true
f6bf1b1e-c45f-4778-9b60-a124b4144945,,test140@test.com,true,true
c06fa886-332b-4767-9f1a-ec2eea09d4fe,,test149@test.com,true,true
3e9273ac-eb5a-40c6-bea6-c0033c7b5f3a,,test154@test.com,true,true
969227e5-906a-499d-be40-4012554db65e,,test136@test.com,true,true
babc3b59-88b8-4b01-8a0e-0fa59e8d927e,,test141@test.com,true,true
61355b90-89f6-45e9-b18b-a41be1139931,,test142@test.com,true,true
088c4a9c-a1f9-4e26-9089-7eec41c35cc5,,test144@test.com,true,true
e8233b77-6b9f-46fb-a2f7-cd28440a85e8,,test147@test.com,true,true
4c6f6074-f299-47eb-94af-f42e4730b3f5,,test148@test.com,true,true
d9622f6c-3b9e-44ad-93de-2b60b7ceaac0,,test150@test.com,true,true
e855481c-7300-42e5-9599-8b275dd48a4c,,test151@test.com,true,true
ed68cb17-8952-457f-b420-7addf6d70dfb,,test152@test.com,true,true
42c50df5-6c28-4417-ad4e-58b6f88ac843,,test153@test.com,true,true
84b5d1ee-4f45-49ad-a36e-25aa8cfb3f54,,test155@test.com,true,true
12bf71e4-fd13-40fc-9459-1d1b2583c6bf,,test156@test.com,true,true
3dabe25f-c35b-4106-bb73-e8cf70602397,,test157@test.com,true,true
2ead01ac-dbec-4ec2-846d-ec46ab476002,,test159@test.com,true,true
609c333e-ba73-41e8-9a91-02697742c0bc,,test160@test.com,true,true
2d5e076c-2fa5-4788-b2ec-5a50d04de0eb,,test164@test.com,true,true
14110ceb-eb1f-497b-a9e8-af540f38eb24,,test167@test.com,true,true
891ff913-8eb0-4f31-b71a-abf1dc0a117e,,test168@test.com,true,true
86068a80-20f9-450e-8d81-6869cd710352,,test170@test.com,true,true
250311e3-b9b3-4d40-b0c0-b1799f9d045c,,test172@test.com,true,true
b5c67afa-5017-417d-a7d9-71afaab2c1a4,,test174@test.com,true,true
e84ebfd8-874d-4c42-bdec-6b6de61a2390,,test176@test.com,true,true
ffa9e2fc-9d8a-41ee-94a7-a5ed3f1166bf,,test177@test.com,true,true
4ea74c62-401c-45fb-9ad0-c1c0b5b917ba,,test179@test.com,true,true
b1d0f754-9f33-4611-b87f-fd3d15f75b16,,test180@test.com,true,true
e78efd8f-03fd-46a7-9023-cbcd96df985e,,test189@test.com,true,true
bc8ae4c4-6fed-4b99-9855-352d137dc93e,,,false,false
320f2127-dc2a-4761-a0ce-2258dfe55aec,,,false,false
747f3592-1b41-4f4b-a5ec-9604614b3082,,,false,false
6fedf618-049f-481a-a903-419627164739,,,false,false
dfa1c2a3-5ef2-40c8-bec6-0256ba32e7eb,,,false,false
4eff1be4-79b2-434e-af96-ab8c3f7bcbf2,,,false,false
0e60ef91-3bf0-4b15-83b4-9d2e1fe72ba7,,,false,false
cb2444f9-d9c1-4c48-92ab-7277589912d3,,,false,false
7fda9065-14c2-49d7-b81e-addf16d2764e,,,false,false
8df36e97-0e36-4612-bc01-9f72a7e3f521,,,false,false
bbfb6079-5e2c-4f49-b086-00f9372acc4a,,,false,false
867d5cb2-626c-4400-a47f-083381948d6f,,,false,false
f74051e3-521c-4fb2-bdc0-907bf9f22694,,,false,false
26b58b6f-a789-41cd-9c32-f91df8960eb5,,,false,false
da98b3f4-b008-41fd-9437-8ab3702dc6e5,,,false,false
051678ec-58c4-4252-8f80-1e1837a58559,,,false,false
804f5d69-218f-4dd7-99a4-0245f03fc1e4,,,false,false
5e899faa-5d25-4a5e-8fae-8017aab5611b,,,false,false
d97d0ced-65ce-4d62-b908-2b21c3bfb87c,,,false,false
8c58e12c-a6c0-4a9e-b6b8-46e048cc3a3f,,,false,false
f3477c61-5777-4495-b80c-ffcde1302836,,,false,false
75efaf44-5892-4332-a4bc-ab995bcb0480,,,false,false
a20b61be-5b29-4fa6-b110-08c59be61dc1,,,false,false
8914cbfc-c973-41d2-a236-e08e886521af,,,false,false
8b5e8d93-64cf-4af4-8c75-f0dc12f42449,,,false,false
bacdf70d-b0cc-42c1-8b1f-322dc7991d9c,,,false,false
4080dd8b-0771-4e9d-8e1e-2a7eb0ac5feb,,,false,false
28517970-4205-4bb8-9afd-9f73efac85d8,,,false,false
31fc244c-3a8a-45d0-89b5-401bfae1a4ee,,,false,false
9cc317c4-febc-4747-bf23-37737e619c0c,,,false,false
4e6ae4ba-d90e-4d0e-8ae0-322d2f78f3cc,,,false,false
10b0552a-c6a2-45e9-a007-e27c7ff7d277,,,false,false
50f0f4d7-508e-4df9-9a95-83f066df7bbd,,,false,false
868049c4-2eb8-443f-a106-3bf15c409880,,,false,false
dc90b4e5-b13e-4429-9c81-1bf4718a71d3,,,false,false
dcf3756a-e77a-4e69-94ae-e9d00be1d119,,,false,false
55932a3b-1eee-42be-bad7-5ef247d8f6d1,,,false,false
32f85b0a-f337-4170-b899-5de9c24d2bea,,,false,false
f41168a2-622d-4900-9d79-cd2ac7f3e9c1,,,false,false
6d27007f-fc19-408d-aa09-e1e8cac547ea,,,false,false
1957b1df-07f0-4f9b-8d19-3148481f3301,,,false,false
85d82a2d-da3b-4c35-bc3b-c8b4f0b69cc0,,,false,false
f3f27cb3-680e-4463-b262-9819e014b020,,,false,false
d3c61d72-355b-4bd8-ba8b-d055e3703e5e,,,false,false
a46af448-a6da-4aeb-b7ac-c2703602f171,,,false,false
adee3e0a-b079-44fc-91db-c93b24658f3f,,,false,false
4a85b805-1ceb-49f3-aacf-0e2a76901fa2,,,false,false
004fccf1-63ea-4cac-8dff-db414d372b12,,,false,false
06ef2943-eee7-4dbd-befa-4426a4aa9f71,,,false,false
9d00e143-d51b-4584-9e57-79056e62ac87,,,false,false
ead4396d-2516-411d-bcf4-eef68ca0a109,,,false,false
36ea0cbf-7f16-4a32-8e0a-b53717a9154c,,,false,false
43ac7e49-8859-41f7-a1cb-e3ac7b87f9b3,,,false,false
d8a0c499-d815-4d9e-8589-9c5c7c70a1d1,,,false,false
2170350f-0dd9-4417-bea7-019e93c0f00a,,,false,false
a25cb84f-e184-458a-843e-43f528a33b52,,,false,false
f3d901db-28fc-411d-b6fa-b02d510bccbd,,,false,false
c0473fec-33c3-4bef-b2fb-0130d16a121d,,,false,false
16896cdc-6ef5-42d6-8765-dfeeb469fa54,,,false,false
565f1d12-3feb-4620-9f54-5fec64fe8ddf,,,false,false
aa7107e9-5982-4324-8a99-b7bc0c31032b,,,false,false
b84a2694-62e5-4763-a2fb-e5d7d3658ab3,,,false,false
d74428ec-326e-4ab0-8e5b-5cccae68b9eb,,,false,false
014104e9-95d1-4d5e-98da-2c2d58b922e1,,,false,false
3187ac6c-659b-4adb-80fb-d206157b4ca5,,,false,false
e1139ba6-e0cf-4161-94d1-edcaae564bf0,,,false,false
4cfb1e83-0e59-4895-b94b-7b3d11dd595a,,,false,false
3ca9f431-b1c3-41e8-aef8-757c93f69236,,,false,false
3dfb8e97-2879-4054-a358-bad6c00faf26,,,false,false
3ea76327-3f9b-4ea0-8ba8-e22fc727343a,,,false,false
736ef52f-bf2b-4d31-adc2-394da1b0e147,,,false,false
8586be1f-621d-4245-b73a-b8e8629546f4,,,false,false
e3ca9138-f2ea-4664-973d-488c371060d7,,,false,false
77e17ba4-e180-4689-8a79-ac6bf616efec,,,false,false
795fce2b-1b53-4c29-82f4-f90828158b79,,,false,false
82dbb0ea-139f-4596-a818-8ba42fc4864b,,,false,false
a8aa3371-9906-4cf9-87c5-6be34b040e12,,,false,false
0a7be35c-f06e-403b-b01e-ee769cff2db3,,,false,false
d17a2928-e484-468c-b27f-e11e8e2c474d,,,false,false
f614324c-c057-4655-87ff-060507b41dd2,,,false,false
31e08246-8812-4745-bda8-e4bf3424abd2,,,false,false
886681cb-09dd-420c-9bfe-5cada39d9cbd,,,false,false
d58e2fb6-d35f-43b0-9e38-170625f4ca24,,,false,false
13e44b30-cb70-4af1-a7c9-54fbc354fc5f,,,false,false
a8a7b865-f30b-485f-b141-5de6fbec2b8a,,,false,false
5f8df664-8ea1-4be2-92fc-0815fbb7a74c,,,false,false
8e5e9c33-6de9-4505-8532-708ceabf874c,,,false,false
65fcf62a-50e2-4739-bf25-0df53fad6951,,,false,false
74313e79-3bf7-4a57-8488-a3e85effc480,,,false,false
8df20f85-99e7-48af-a672-7b951f3a79c9,,,false,false
d6135bbe-ef25-4f0e-9b3a-35efb505e2c7,,,false,false
5ab3f0bc-a94d-4610-80e4-3427d5fb496d,,,false,false
679bcd3c-21aa-4b51-b788-cc6e0669a978,,,false,false
8de3bd4e-893c-4170-b38c-ff14403c2e07,,,false,false
bc2352a4-b389-475a-9552-0edf0c1adbb0,,,false,false
68ada950-4f0a-4e88-b485-4e7c448c434f,,,false,false
ff5d84c6-e1c0-4024-85a2-ba3a8f0c671d,,,false,false
706c13b7-1dd9-46c3-b896-a0228b4a3e8f,,,false,false
d2a2952d-f4a9-41c0-8adc-0c2d0814d260,,,false,false
cd32e75b-dec7-4773-873d-3d621377c864,,,false,false
adca7c83-c860-4c01-9e2d-6c078e9e43d8,,,false,false
f2c678c8-7dfe-4bfb-ba77-89ee2a537be1,,,false,false
1b23f059-1b2a-489c-a8d5-bbc70f80a5e7,,,false,false
8b807a21-5bd5-4dca-a673-99b0f03b9e45,,,false,false
d32d7ace-04f6-4036-9f61-61f0e138605f,,,false,false
39de2099-1adf-493f-8af3-f756d460dc8e,,,false,false
3c07312c-0b6b-4a3a-b99e-34bc9a22f5e9,,,false,false
619b9c66-e56c-40ef-946b-1d6c012581c6,,,false,false
fb6c93f7-721e-48cf-9e34-84acb3f39d0d,,,false,false
bddd7e5d-e6f6-4342-8ff6-1c408e354e1c,,,false,false
9b1bdac3-7d81-4f42-9e69-004d474235f1,,,false,false
d2e006db-a09b-486c-a6a1-28a1b9d68943,,,false,false
8630588f-45f9-4e53-ba1c-0a60579ffb7c,,,false,false
5cfa03c0-8403-4319-a0a5-08e291ebfdbe,,,false,false
a021b2b9-acc6-4771-98f8-498290379091,,,false,false
69f62272-258f-4ff0-9216-6580253f65cb,,,false,false
8fa98f6e-850a-4f09-8d28-bc08eabc6e7e,,,false,false
96a3e7d4-35ce-4875-a638-5ff2db73bae0,,,false,false
f94ebcac-7d4e-445d-90a2-b1a46a3c1e65,,,false,false
76610fdb-a31f-4ab3-b99b-ece8c3f99a0f,,,false,false
6f47122e-374c-487e-b02b-5e680e4ba301,,,false,false
e52bff99-777c-40f1-9eab-9fb9b7288e4e,,,false,false
c57695d2-3182-4cd9-b86e-3f6399226ec6,,,false,false
215f2f80-2a92-4ef0-8cb1-3a34f2efc47b,,,false,false
4674f9eb-3922-496d-9e3a-c292f344d566,,,false,false
02f0ea80-20fa-40ca-8c3f-fcd8934e27b5,,,false,false
f9015e92-165e-4526-90f2-b92a689e1f2c,,,false,false
7517cf6c-ac3d-4f72-8394-1adc077d6806,,,false,false
674b5966-3cd5-4e9a-a25d-5802339a19ea,,,false,false
481bbd9a-644a-4fce-8d34-d09c191c67ab,,,false,false
3be59039-b62e-4644-8ad5-f7d0aa633dc0,,,false,false
bd6df702-fac2-48b2-b615-683f7204793a,,,false,false
a028b28c-8e0b-46c5-add6-4e02886bd214,,,false,false
d3df9027-cc02-47b5-bb34-a9a647a67285,,,false,false
03da6e2a-d936-42ec-a8e6-4020917009d4,,,false,false
eb7d81af-a65b-48fc-bd65-979bf724204a,,,false,false
d6b0a9fa-3e38-4bcb-9db2-71d8cd4990ce,,,false,false
7dbb5944-3ee1-4daf-be11-a51dc8b253d5,,,false,false
b6e6273a-62ad-4210-8c18-b8aa6152b6ec,,,false,false
efff6717-52c8-4701-8f5e-332e0cfe1f7a,,,false,false
865e1e28-fc2b-4447-8ecd-fac4fe1588e4,,,false,false
7b2c142e-60cf-44c7-a206-b233c65f45f0,,,false,false
afd4502c-5ecb-481c-bdd4-3697ff4526cf,,,false,false
16db931c-fea1-4483-8bd4-1085c694b6c8,,,false,false
718e9c59-42cf-4201-93f3-9b640e280f0c,,,false,false
0ab38a5f-2c7d-4444-b841-9644f34ba4ec,,,false,false
ad9e78bb-9fc8-4ce4-a18d-52c996840e43,,,false,false
dfc30c1d-2a78-496c-8363-05a75fb82044,,,false,false
11f71ff8-8ab0-4c30-b50b-645f3771fea2,,,false,false
a50c8ff6-b7e0-4de4-8459-80c9ff300b64,,,false,false
f66f807e-384d-4d22-93da-066246ff65ea,,,false,false
ec194ea3-8627-424a-9991-719086677733,,,false,false
e54e71f1-e326-4ba3-9232-96866db9fde1,,,false,false
e5ec2d77-f3c8-42c1-99cc-d75eed75014b,,,false,false
137120b3-01df-4a6f-91dd-cf6e64afd31b,,,false,false
4a59c37c-1f20-41f3-8778-5cfd0de247cc,,,false,false
a5ba8426-bd05-4e69-b7e6-82a4bedf3d7e,,,false,false
30b48ae2-012a-4483-9486-8746dc5b6d99,,,false,false
f5d7e929-3fcf-4ae7-949b-02a29a2d2b6a,,,false,false
0e3eb2da-b33a-4965-899e-cd15e239fbf2,,,false,false
ef3d9c71-66c7-4e73-95e0-137960db0b3d,,,false,false
b7ed124b-0bbf-4405-a842-26beb6d3a63d,,,false,false
895e4205-73ec-42a3-806e-baf8acba8b26,,,false,false
23702979-93af-4f88-b2b8-22957472838e,,,false,false
19b19a80-8783-48da-bae5-b1d2dba7f53c,,,false,false
cf72c624-ce68-4939-a096-5ad718e8c516,,,false,false
fda6249c-3592-4750-926d-b99069ba01c8,,,false,false
632dd47b-a5a9-44f1-9b2a-881ab8b0544d,,,false,false
9853527b-4315-48d2-ab80-df2bdf117e2e,,,false,false
ecd73a1b-d1e9-4147-9159-6ee6498431ce,,,false,false
87be742c-529e-41f1-a170-7c8bced81c44,,,false,false
708f3fb1-161f-4f2f-b741-c03762924d88,,,false,false
c918eaa9-e795-4796-ad13-576ce763c66a,,,false,false
ca5106f9-fef7-4988-866b-f53960cff471,,,false,false
d819d283-a7ad-412e-831c-89445db19d09,,,false,false
c99b6bb3-dc24-4efa-abd3-c64a9101dfb2,,,false,false
f83d42bb-87bb-4b8f-94b5-f2c236397bd6,,,false,false
d7decf47-ef1b-42a7-9a0c-56825bf97308,,,false,false
25db97ec-55ab-4374-888e-e7342bcfeebc,,,false,false
8fd95141-cd34-4eab-bb74-7e8a89c9e2a6,,,false,false
092bb8fa-8b07-4388-8e9f-fc361cf7a805,,,false,false
4a54c553-7d69-498b-946b-57f7ae5761c7,,,false,false
19ee2f82-4789-4f3c-960b-c1cc5a38ba3d,,,false,false
c8ce2de8-ebe9-4095-8605-f1b17afd57ac,,,false,false
2aed4a99-a08e-4df5-9110-31ab3ba82375,,,false,false
38896be6-1de2-4ac6-a020-cb9f9f2c95ca,,,false,false
b26768c1-21d6-4924-baaa-0c9e24a9f9b8,,,false,false
64701668-8aee-460c-a563-9ff79c683900,,,false,false
93b3e16b-a127-42d3-a79a-6adebd3e027d,,,false,false
c4d5c9bf-9507-46a6-ab0f-895493e364be,,,false,false
f3ad400f-4a6f-4506-a1f1-5882a1fd6e38,,,false,false
c3cd7935-5be6-4c47-a137-1c3bd6377996,,,false,false
3391e1ec-cf6e-4b72-96a7-57fe8be55904,,,false,false
9257667e-65a3-479e-aa00-baf772f18640,,,false,false
a77699dd-12ee-4a7d-be33-c57b83b75448,,,false,false
8d038e38-7b1f-40f5-9392-dcf66c26ccc0,,,false,false
9f083ab2-2e4f-423c-ac96-eb097f3d05b2,,,false,false
7a6fb6ae-270a-4f7d-9358-2b9f98c5d10d,,,false,false
b049fdbf-0839-4354-9a4b-af2026da1277,,,false,false
ded21274-d102-45f6-8e9c-03eb23ed4ba7,,,false,false
cbc49bad-4b1e-45e0-85bc-8478768508cb,,,false,false
6fc81f4a-3f3d-4e0f-9628-ecc3943ce6ba,,,false,false
447ba60f-ffcc-40cc-aaa5-47d91cd9f761,,,false,false
1562407f-edef-4013-8444-fe30a4af71be,,,false,false
dd327cce-6c9d-4ea9-9e6d-f7d68dec5a9c,,,false,false
e3a96179-bc44-4a3c-8f43-811adbd0d451,,,false,false
ae7b74e5-e18d-4ba2-9de3-c793a302837a,,,false,false
97549f2d-5ab3-42b0-b2d1-36befda82185,,,false,false
04a542a1-5e13-43e3-a409-38f93c3e72e6,,,false,false
45e0c705-62b6-4055-a862-6417fdb8b13e,,,false,false
26eeec7f-b1c5-416c-bca9-e219b7706f3e,,,false,false
38dea073-c581-4039-83f6-f51632b702d1,,,false,false
923ca541-2c5e-4b75-bff5-401437ea3e27,,,false,false
db1fe871-00ed-4413-b68b-7422c5283a03,,,false,false
bbe333ae-524d-425b-9498-6f18315d9f86,,,false,false
50c22635-6956-4252-86fa-33e438b3e56b,,,false,false
ba1a73b5-db96-4196-976b-87721b74ad31,,,false,false
ac2d5e00-d27b-4e45-a291-9e0c3ca07b44,,,false,false
472c38a1-792d-46e9-beb3-ac4a4650237a,,,false,false
72f94dad-60f8-4edc-bb1b-8e2cecc8f571,,,false,false
b6473967-6daf-4c46-a035-271dfeb70e5b,,,false,false
58120380-8928-493c-968b-8b950d88aa9b,,,false,false
53b1083c-829b-4180-a744-42570a6b068d,,,false,false
a78b81d8-7126-4d2c-8531-498e2ac07bff,,,false,false
4129ff53-3d79-43b8-b298-c6df10690b92,,,false,false
917b68f9-86f0-4fe0-baee-980311a03ee0,,,false,false
a416fb63-d049-45fe-b369-dd737f7eff3a,,,false,false
c13b6bdd-07e0-4053-bb59-ee958f227213,,,false,false
968edf06-4221-44e3-aa50-8d5ef9dafe06,,,false,false
5a5f5569-fb76-4ab7-bf5a-8476bd309e41,,,false,false
300e8b2e-7aef-47a3-a49d-eea3be516e1f,,,false,false
608d1aa2-5fbf-4e35-934e-0c36a142bd45,,,false,false
9e1a6e07-4c7d-4eb4-a6cd-3a8c3c1ec3d0,,,false,false
3e6a27ce-ed15-47c1-8624-13c1ba28e4da,,,false,false
4acd720b-0cbd-4084-be0b-6d5e14f0a1c8,,,false,false
4761e437-7ac0-4a0d-bfb3-9d69241590b5,,,false,false
efde8c63-076f-4a26-a3db-6ea83ef53f3e,,,false,false
390a26b3-473e-436f-88f5-18851c40ce0b,,,false,false
0b2f3e12-b42d-486a-9f49-62ff928e03ad,,,false,false
7a36badc-6289-4aa0-aed2-5b961b75d470,,,false,false
557b0010-4a8a-496b-a84a-b2cce414449d,,,false,false
cb1646b1-934a-47fe-870a-7717bb0e50e7,,,false,false
df019728-6bbe-4418-b018-f93a18ff46ae,,,false,false
7095b6f1-4cc2-465b-a631-ea356d753572,,,false,false
d3ad79c7-f03a-417a-8941-bfbedd2325bf,,,false,false
b8c77505-20b5-46b8-afc3-76a11193ca47,,,false,false
b3f492a0-060e-4881-8532-99d0c7e2029b,,,false,false
1019f620-e7ec-4d57-9896-60f033499c1b,,,false,false
03c42595-e1ff-481a-88ec-9989973c33cf,,,false,false
6f1ff9de-b9c3-4cfb-9e37-826301cfaf5b,,,false,false
2c9737af-c7ba-40a1-b63c-2ca7272caec1,,,false,false
81a5b5d7-ebbc-461c-8e13-8aa377ba577f,,,false,false
6bb3d995-ca8b-4d19-989c-bdbe02b4aac2,,,false,false
fdc4f402-7406-45ad-8f6a-efb4eb3b2d2b,,,false,false
8bf4644e-8730-47ee-abda-745b2df54168,,,false,false
44fb499a-2f90-4b12-8003-726100c88ee8,,,false,false
a20abe81-bc7b-499e-a5b4-b4f49cedb18f,,,false,false
faf782cc-6afd-4c36-a9ae-aaee3c6c316d,,,false,false
a0a52cf4-eaaa-41a6-ab1c-a5783168e87f,,,false,false
f18a2a98-feae-4799-b9a3-bc0ba83ea473,,,false,false
cb14abee-8c89-4956-9a49-f19b7c30817d,,,false,false
7e2bf1f4-c8ed-47fe-8927-6667dbcca2c1,,,false,false
3dd54926-d98c-4da7-b409-454a8c28bc63,,,false,false
36891a00-1f72-463b-9fb4-056d7292a426,,,false,false
63dc727b-c121-4904-9279-10a4867439a7,,,false,false
1b479f65-dc06-4db4-9564-e6af80665d8c,,,false,false
b2a7f221-2a29-4488-9723-1ba7aa3f0f61,,,false,false
b5ba2678-b7f9-4a16-8af7-52050e0e8031,,,false,false
024b2898-34b4-48f9-aadc-03da03d6b141,,,false,false
196272da-b7d9-4912-8728-5daa8f4f0c46,,,false,false
0b8c7f0d-156c-4c01-b1a2-68ef1316ebef,,,false,false
91169f3d-7e57-4e61-a12d-6a3c57c68d87,,,false,false
8d871d3c-2e9e-44be-8564-a95b476888b6,,,false,false
727ace96-b6ae-4566-919f-3e9baa5042dd,,,false,false
67b53cfe-568e-4c35-a8b6-b838954fd07b,,,false,false
446fa3ae-dd9b-4f71-bd03-ea0a4036a121,,,false,false
fece06ac-2528-43e3-a3d1-a6d00b117791,,,false,false
232eb4f1-6641-405c-b959-202ef9ca2588,,,false,false
7b6866b2-f35d-41a0-95d7-046d03300463,,,false,false
4f54652b-6df1-45e2-8113-2c58de096614,,,false,false
0312d6d4-bffa-4441-99fa-de76f4ab9238,,,false,false
2f8dc956-35a6-4fdc-8ebf-a289de9a6668,,,false,false
ca079bf9-7a27-44c8-91b3-2a55bfd43f8a,,,false,false
de722eb0-8478-4883-8395-eeaa5d05f133,,,false,false
bf097f09-f5f4-431b-b8a7-c764b2ed8ba1,,,false,false
353d8ed8-c06b-4664-8e1e-815c1a587370,,,false,false
3f5508c7-bde2-4b41-bb0b-ca750fa945b6,,,false,false
267256cf-8f5f-4df7-b7c9-8f7b6f1931b3,,,false,false
6b8d2150-08f0-48ad-ba01-1def785047a7,,,false,false
abc1039c-cce7-4238-ba5a-5dfee2175c7c,,,false,false
5e3c57cb-ae0b-48db-8899-c10ad692eaab,,,false,false
a0471c67-c087-42ed-805e-a24b588e996c,,,false,false
257eb57e-825d-4377-bdbf-eb6bb562a171,,,false,false
89b233df-dd13-4150-8b90-c5f5cf8d41e8,,,false,false
e633b59a-da06-4cb7-aa0a-5aaccc955b48,,,false,false
400aff1e-3e86-450a-b00d-8362465d12bd,,,false,false
70e98f6c-174f-426c-9455-d08f5eea9448,,,false,false
b95aaff5-e14d-4276-a09b-e8d48e689383,,,false,false
40263d9e-2713-4298-acdb-4990ce7428ce,,,false,false
d51f3638-6b39-48dc-b794-f9b4a5c79256,,,false,false
f315fda1-7319-4e38-81b1-e0f330c7b0eb,,,false,false
5e7bfbb2-312d-4cc6-b865-f5f6705d2e66,,,false,false
1c1f9f5c-be3d-4e68-b7a8-c6de5d342987,,,false,false
9fb1dbb9-cf92-453b-b412-cf6604bd2b2f,,,false,false
c9c5700c-edf2-4576-a377-a89f8cb51f53,,,false,false
1a517c90-3efd-438a-b0f6-4ca411ee20bf,,,false,false
4eb854f7-d5a7-4e6c-88fd-5dee2a8e7c2e,,,false,false
e97d7ad6-2e1c-4926-85d8-5058eb4d245e,,,false,false
5d8ef51d-d243-443e-ba05-e016f525846a,,,false,false
ec661f8d-e0c0-473e-84b6-706602ece436,,,false,false
b27badfb-314f-482c-a0dd-b5f564ca953e,,,false,false
99048296-7940-4091-bd04-045fbad46da6,,,false,false
136a0aaa-b8b7-4737-959a-9e773f65f8fb,,,false,false
051db349-1cae-4f2e-a4c8-9fcabf0d2956,,,false,false
83155a32-ccbd-4e8e-8c3f-4235d0622ee5,,,false,false
254fa491-0722-4a22-b7c2-e47b4003f593,,,false,false
8819200f-aae7-499b-bf38-1da877228e05,,,false,false
b91b8139-ed25-4629-adb3-d5dce4197aed,,,false,false
ba5f7ace-d9ca-4bba-a0e1-a5ffb9e9c2ca,,,false,false
2d0f742c-a887-44aa-8e70-aa0247444747,,,false,false
93193018-12fb-4a67-a565-3a9cee63291f,,,false,false
5163be59-44e5-410c-8e43-7e414d13cee7,,,false,false
4ac6e3da-1a0f-4ab6-ab25-201992703a44,,,false,false
a9ad6609-7a12-49d8-9ce7-1e535efe2594,,,false,false
93ff105e-a43c-4f50-bd08-3668ea54697e,,,false,false
d30f3f93-3b5c-4f5d-81cb-549940c9a183,,,false,false
402e14be-abc1-4f26-8d6f-f55b09285a39,,,false,false
21441ccc-f4b2-4ba2-9162-c7fc90fe73c0,,,false,false
6968cb59-5e66-4df1-9426-cefb93c1a1cd,,,false,false
162505d4-e164-4f78-a3be-47e336b0115e,,,false,false
d05b9eb7-6534-4dad-84d8-b500922872e1,,,false,false
d44627b2-5e91-4ed1-b0e9-22533d61076c,,,false,false
dd2e746d-12aa-4529-9192-ffbfa125da71,,,false,false
6f84bfa1-a8de-4b21-b574-09f7891240f3,,,false,false
79390677-c0fb-4193-bb4b-673d20570cd6,,,false,false
31d17a0f-a84c-456f-97d8-4326860315b3,,,false,false
86d1ed40-6ba4-41a9-a6a2-a2d069878cb0,,,false,false
f76372a7-c072-40ab-a8cd-02a3fdb8719f,,,false,false
4c389642-9297-4972-af4d-5877faad38f8,,,false,false
79ae3be9-a1ae-4abb-aa5b-3c2c31fc2100,,,false,false
cf2013cb-7f5d-4c0e-9c68-504c78c804d3,,,false,false
64d27b27-05de-4745-a69b-31cfc80db1e0,,,false,false
fd1f9981-b3f6-4e9d-a9dd-d8b1ec14f56b,,,false,false
5dc015e8-dc12-479c-8ea2-04effd2760f7,,,false,false
43a1271f-ed3f-49f9-abfb-bcb929161e07,,,false,false
61323f4d-c14c-4fd0-9688-644626e0b24d,,,false,false
350be482-86e4-4a22-8e63-411112dfc6b6,,,false,false
253adf60-06c6-4f51-a800-08898e087e9b,,,false,false
b6cda247-d4bf-4fb1-8f20-b56f5731c2b3,,,false,false
b8b7d76c-9a4a-4993-8290-a13b02bf2390,,,false,false
1fb1ca5f-5013-4b9b-86a3-92636a0b74ba,,,false,false
aa085df5-c35e-421c-85f7-dbefef847bb5,,,false,false
c343fe6f-4215-4549-b61c-ae600cb5cda7,,,false,false
eff7e8b4-2614-4d60-a79e-76d087c626a3,,,false,false
d4140f54-d642-4ce9-9d14-bad5f0253353,,,false,false
79c99dca-c4e4-4fb2-8388-7a40aedf70a6,,,false,false
10c5de02-cde5-4629-8884-b3f65affac65,,,false,false
0c4a8fd4-d115-410b-b9e1-24543b7930df,,,false,false
beb86db4-3145-4a9f-a48f-74d04adbb7d3,,,false,false
9da37ecd-1468-4088-9696-0c2d1267e005,,,false,false
a911530d-001f-4756-aff9-b7a46be93f92,,,false,false
af83c5ba-efe2-4521-8515-b42dce6d45b5,,,false,false
0951eb6c-f2ef-4415-8579-08935c02015a,,,false,false
b8501000-4986-4d9b-a356-d1d7699a314c,,,false,false
6460fbb7-f57b-4628-a0d4-1be206f4947c,,,false,false
7e9fc8c2-86c8-4d1d-aaff-d3ca8eed121a,,,false,false
2d9f1913-6308-4894-a9b2-8323cdea7f58,,,false,false
16034fbc-5efb-41a9-a424-e3bac653cf14,,,false,false
388b6341-5aa6-4d7f-ba72-6bd913c31432,,,false,false
81a52104-4562-420f-8044-d233bcc13608,,,false,false
f5f9045d-b1cb-4a64-ac31-0f57ddaf3efa,,,false,false
5f69dd04-ce47-4be4-82fa-01911f14a051,,,false,false
783caa04-9265-4547-95e7-31a422fe5090,,,false,false
ede80c2f-377f-4540-9a1f-523520eb8c5d,,,false,false
84a539d0-154b-44ab-b725-6677666d7a35,,,false,false
a9a2a976-60ec-49a4-8a34-e37b3fba4f96,,,false,false
cf5e57b2-8048-4733-9f0c-437fc48d2d75,,,false,false
6d61ed72-db28-4511-a516-cf1fde9dcead,,,false,false
2cbc77a9-a11e-477a-b9a0-728cd1b16450,,,false,false
61a30ee4-35b0-401e-9658-dc6867931532,,,false,false
5a2af232-5673-4a19-8ded-e9c54a61be88,,,false,false
3fc42416-12e5-4bef-9ded-90fe5df1f2f2,,,false,false
9f020744-165b-42f8-9469-78a8a66eb9d1,,,false,false
58c1dca4-3daf-40aa-b1d4-bd14b2fb96b1,,,false,false
73f563ea-9e45-40ef-9530-4396a3fc9345,,,false,false
96e17ffa-08ac-40d3-bdd9-059204583f33,,,false,false
76cf3b2c-f8d8-4e1f-845f-6322bf782eff,,,false,false
6b603f05-3542-42a5-8f60-537e0455e762,,,false,false
cb33c769-e6b0-4ee2-b008-5c59a2cc9870,,,false,false
be45f5d2-20dc-439e-907a-ba9fd386648e,,,false,false
aafefa23-0124-4257-ad58-2a4ef3b84c89,,,false,false
7ec7ff59-1760-45f3-b647-21f85e3cbe91,,,false,false
94154bea-07fb-412e-887d-216078fcccbd,,,false,false
8e4fdd60-c4da-4524-be56-c72e16985799,,,false,false
85ee499f-6c8f-48a5-97dd-9ce99a5cb6af,,,false,false
de22d1fe-ee62-49d9-9117-8428c6c7ebe4,,,false,false
259c2639-7b5c-4c55-a410-475311fdc5bf,,,false,false
222bdcab-52e9-4ea7-8915-ca5ccc416e66,,,false,false
63ebf408-d33f-43d8-bce6-1a08fe40b6cd,,,false,false
03d65bbd-08d1-480a-97b3-a50ff8c458ba,,,false,false
3fa60456-e970-4876-b998-8a2af46faf56,,,false,false
210d5ea5-f2be-4503-aa91-75dcdb1c2ca6,,,false,false
8aee0dc5-ab0a-405a-bc45-564e582b51b2,,,false,false
6b8e104f-6d7c-4e75-9f5e-b298b0a3c49d,,,false,false
31a1ba8c-21a3-48a1-a13e-4b94593201f8,,,false,false
8690524e-c19d-4819-9013-704ac5bbb1fe,,,false,false
3807767b-ddaa-49dd-8419-dfd95792aeb8,,,false,false
2c7beac4-4727-490c-8e0e-94869b79cc0a,,,false,false
8dfc2397-740a-4ce2-b3b5-e8e478b63f5d,,,false,false
05125a3a-c8fe-4943-aef3-c33c770c8248,,,false,false
94a455d6-284c-40d2-964d-2a7c25f06e0f,,,false,false
ecaf0016-db74-46f0-a0a7-dd607525e789,,,false,false
42e1bbfe-3b03-4e10-b949-5479f0efecab,,,false,false
078c3013-5e39-4366-9642-b8926e8c5a26,,,false,false
27d00139-3a8c-45ab-b760-e9e0b8dd60b0,,,false,false
807a4563-a166-402c-af09-5b60630186d3,,,false,false
a15f9733-565d-451b-b278-75cd2f9e71d3,,,false,false
4b9c670a-4489-4ecc-a34b-f3ec0ce0fb3b,,,false,false
2dcb4a40-9015-42b8-b5ce-428848cf30d1,,,false,false
7e3a39e0-435d-4b01-955e-87d173d29a63,,,false,false
cd54d258-a0cc-4a5e-8dbe-824bf9ff8ed0,,,false,false
019ee9cd-af70-441d-adef-f6c3c56fa97d,,,false,false
67f82f6e-cfbf-4fdb-adbf-a0f9a4b12c99,,,false,false
0609d266-9660-4df1-9e11-c4c61fcf338a,,,false,false
ee7cfeaf-f60c-461c-8987-101994fa10e8,,,false,false
1a7d740a-8c20-4c38-a3bb-1e2af0bb5954,,,false,false
f26676f8-6fc4-4ab7-bf43-fe30e0ae7eb0,,,false,false
a5d5c990-c3ec-4685-ad83-a9cc884201e0,,,false,false
b5d11630-e0ca-49c9-9760-510cc1514118,,,false,false
7b68f276-eda8-40c9-90f4-a79925d4589d,,,false,false
c8e6ae3f-89f9-4460-9b13-075f42b26470,,,false,false
c1d63929-e889-4129-9315-cb41f814743a,,,false,false
b3db5a15-8e70-445f-9388-0aad62b502f6,,,false,false
dd16c7f0-4efe-4c30-a0d9-c2b82908d187,,,false,false
57589c6d-d4b3-429e-931c-921a043f929d,,,false,false
dfe7752a-6eb3-4ec4-88b5-487ea09d96d2,,,false,false
c313c95e-0345-434b-a934-830000e82b1d,,,false,false
976c0d2a-14ed-4bb2-92fe-f8164e5b48c0,,,false,false
e4ca6266-1192-433d-a8b8-06bed3624988,,,false,false
7438c81d-7a69-41f4-b457-ae3e400975f8,,,false,false
07c2cb80-c5bb-4030-848a-e1b94dd6555c,,,false,false
c8116aa3-9766-409e-8cb7-0095995a7f98,,,false,false
188b0d49-6ff3-4f6d-acb0-6fda784c14ec,,,false,false
f7293027-faa7-44e7-a1f5-1dc9d363eaba,,,false,false
e50233e3-4bf6-4f8b-ac5e-b0bf712f065c,,,false,false
dbc0d3db-5fe2-4528-9b14-979558b11333,,,false,false
93dca95b-ac1a-4602-934a-686cb9657e94,,,false,false
b1ac86d9-092e-4a1a-a4a2-6683486e2e1d,,,false,false
ba3a68ba-4031-4f93-af83-94b89cb14662,,,false,false
a521bf38-0c29-4e4b-b525-9f5d4799ebfc,,,false,false
72d0e59a-809b-4277-b93c-35ef2b570315,,,false,false
0a342fdb-b623-4022-ab09-3543de52381a,,,false,false
dac16f4c-63b1-4ad8-ab43-34af353f2a02,,,false,false
7ea3d62d-159a-4117-ba60-717a73b40fe0,,,false,false
32e469ed-17d5-404c-9219-48a6d906e077,,,false,false
f8fc0d32-5631-48ee-86f9-022fd5bf833c,,,false,false
1fb851ef-9a54-4e9f-b905-d865f78708a3,,,false,false
40b228a3-1872-4709-96ef-f632b212924d,,,false,false
261d556e-b5a9-4b8f-8a26-a289c2a18cba,,,false,false
41688257-7505-472a-bdc6-cab678955043,,,false,false
3c94de0f-c87a-4846-9292-6a077b642705,,,false,false
148d9481-a4e6-4629-aae8-c85ff0232cc4,,,false,false
c3bd0936-d9a7-4ce0-ac2f-759a42769ef5,,,false,false
c9b76c31-e9c0-4a54-8a00-96bbe2b6739d,,,false,false
ac203bea-d2cd-4f99-a7aa-61a1cd1ba23e,,,false,false
abb7ece2-2a44-4878-bba6-753520f6cf37,,,false,false
98c7e9a1-c9fd-432d-8fb7-9dc654bd6586,,,false,false
8e98fb90-47b6-4556-bebc-a453a1074dc8,,,false,false
2ada6f67-ab3f-45f5-a296-90d1d9bd1e0e,,,false,false
05dd0512-a805-4b36-85ce-3082993e62de,,,false,false
1de8fbf2-550e-4f81-80af-35bc77a3f54c,,,false,false
67965b74-f123-470d-bf15-285ed14cd148,,,false,false
f1978dbd-b852-445b-9cdc-163f636b817b,,,false,false
c557857d-4183-4ff6-9671-99911978c2c5,,,false,false
d3531f9c-5f59-4c85-ac53-82b89bb7de96,,,false,false
6e0b65fa-c82f-41c8-95fb-927319d1b869,,,false,false
7d8afb34-4a68-444f-93bd-d062861f0a1c,,,false,false
0603c949-edc0-43ec-bf5d-7ccfb87f27f1,,,false,false
d6d2df39-9cba-45e2-a6ef-6ef36bff0634,,,false,false
592c1c8f-42aa-4cda-af18-699fa3f469b3,,,false,false
3e855118-35d5-448b-97b8-db44cc03d3ed,,,false,false
4b916dce-8075-4faf-8213-939edeb68e81,,,false,false
56a674e7-1388-4de6-909e-efe359d41249,,,false,false
1de1df59-1ec8-478d-bd79-0ab0dfde3187,,,false,false
8489f054-7907-406f-9ae7-00fbbcec66f7,,,false,false
97847dfb-6432-4687-a454-4d6baa19b4ee,,,false,false
9b470b37-9de2-4d42-9b18-3cb6c4c6adc5,,,false,false
c8622677-f162-4bf2-953b-081a981df216,,,false,false
c2e64216-122d-4ea6-a687-0723e78c78f9,,,false,false
f1722030-5c9f-4b77-b010-b721cf75baf6,,,false,false
83b2ee1d-376f-40c9-ad5c-1af1669d9c28,,,false,false
b4a2cbbb-ef4f-4bab-ab0a-4aab64de3719,,,false,false
2172cda3-7db8-4548-b5a5-080b9073ccea,,,false,false
8785c7ba-c3a1-4938-94f5-2ba688987057,,,false,false
4ab5f37e-82d5-4584-8795-de50b62e8cad,,,false,false
c7778248-cd39-4659-a0f6-823c795e9140,,,false,false
e2fa2f73-bf58-4062-a5df-65ec12285330,,,false,false
58b30c71-f42a-46ee-b80d-2f996bd419f3,,,false,false
ce542cf3-a5a7-4176-8c4f-4826b27b2711,,,false,false
e21a1062-e02e-4e9c-9b80-bd5456a000ce,,,false,false
a4b4843a-91b0-4162-8cf8-54080803e7c3,,,false,false
39e6525c-6cd5-4b01-921b-cb7ca57d9cb0,,,false,false
5129f2dd-f85b-4a45-a6ac-400771e9c3ec,,,false,false
1523b4ee-d08c-4a29-8aac-e0d214e46afa,,,false,false
c263bf91-3757-4235-99f1-1cbe3bfa4964,,,false,false
018e2f06-5964-4754-a598-0805ac837ca9,,,false,false
0ea891cd-1458-4004-aea4-586370b4ea6f,,,false,false
7d2dac6b-8f46-4560-8b64-2e65b96dd194,,,false,false
3620444e-60f9-4bd5-81f5-8fe3de639c1a,,,false,false
1678d9ea-393e-4f8b-b84f-dbf1fc3602c2,,,false,false
ec9e54f7-9fc3-4a5b-8245-eb8b084d3b89,,,false,false
7ff0f9ea-35bb-486e-9e75-762dd5bdd92f,,,false,false
e5b5b0a9-5967-44ac-86b1-ceb9beaa96b9,,,false,false
344e5d27-129e-4a52-910d-94c10a278184,,,false,false
96cb24f6-74f0-4fb6-9087-b13010f67080,,,false,false
034181ce-810f-4a5b-8a99-48a837558139,,,false,false
64e6d3a9-e141-4ca0-a095-da1b1b94a5e0,,,false,false
de129ce4-a775-4de4-a983-90652ac646ac,,,false,false
b04d9545-4301-4816-ad08-c0b9d89e15bb,,,false,false
488780fe-41d2-46f6-9cbd-206c957edc5c,,,false,false
1a87d016-5922-46d3-98b6-d78bee70e144,,,false,false
98a11d4d-efe4-412d-933c-05e3bafb845e,,,false,false
93dacff1-eb0b-4f64-910c-dceb6a90777d,,,false,false
0e9316f8-0dec-45ae-b6f8-85fb4049f879,,,false,false
e10c9466-5d59-4776-b5b1-9e66c287a62c,,,false,false
c28be154-7f55-46ad-b1e3-2387082cffe2,,,false,false
90d6afa3-6590-47d7-ba35-6c06825d8f12,,,false,false
ce8183c0-049f-471c-9229-4b9b6edbc208,,,false,false
32343b69-9465-4e43-970a-785ca30543eb,,,false,false
a3f3f4b1-ca74-4402-8ace-95da4d1a8a93,,,false,false
64b08129-232d-4c31-9e35-547283112cc1,,,false,false
2ed2fa34-636a-4228-8fec-f26dfd8a2ff3,,,false,false
0e808953-058e-4db7-862e-107a443e5cd7,,,false,false
36781d82-bdde-45b4-8b6f-c66abd310c12,,,false,false
4d244c1d-284b-4963-8e7a-eb0077d67a96,,,false,false
5320ffcd-248e-4396-adc7-427704f01413,,,false,false
e2d95a73-38d2-4e65-9b81-b0423a7cad8f,,,false,false
87dc941a-3991-4d25-9810-d7b8dc02498d,,,false,false
3cd4e99d-8abd-4c44-9060-0c6833d08e1a,,,false,false
7c578e38-2fb2-4bda-a567-088f226bb1df,,,false,false
2abe3589-8525-41e6-9345-e9069641a1fa,,,false,false
4f4d3219-b597-47fd-9599-ff2cde5195a9,,,false,false
e87922a6-4d19-4b3f-9e33-802cdf99f80a,,,false,false
d9aec207-2ec8-4c05-bd53-727dbd063b33,,,false,false
a3829e05-8594-4eef-b02c-9ec8e951f29b,,,false,false
214afd8c-7653-4899-9ed3-1035460d4282,,,false,false
bdec7d5a-3e21-4d5d-a0e1-2172e2730b9d,,,false,false
d531f2a7-ac12-4635-8cc9-6ac9a62f5301,,,false,false
f0624e31-50be-461b-8a98-086b9c563c74,,,false,false
91817a24-d1fd-4217-83f6-371ecc2fd51b,,,false,false
0483e19a-c7d5-4066-88b2-b24ac475721d,,,false,false
bd9aff77-3b7a-473f-9d42-493db6733dc4,,,false,false
6a69e576-a200-4666-9455-10cabfa5c543,,,false,false
6c964eec-59a2-4c9c-b378-dc70b5678527,,,false,false
411fe512-74b1-4c49-936d-790beef08323,,,false,false
b430ca0a-0849-4527-ad45-64ab497ee83c,,,false,false
b397866c-a039-42ba-b680-419b4ef0ae91,,,false,false
34617207-bab9-41cb-b336-0edd3dee31c8,,,false,false
69c3fa18-0495-4d0b-97f9-de67bef22310,,,false,false
b90058aa-010e-47f1-9660-e4a8bf0167c5,,,false,false
11e2f5d1-44d5-4c75-96d3-bfa2903faf66,,,false,false
c84c9514-3903-4b35-aadc-bfb0f5723fa6,,,false,false
83d88842-0e15-44e5-a145-4d7bcb68d02a,,,false,false
b16c4c00-dfa5-44b5-b21f-bffd5bde4adb,,,false,false
35956b4a-a0ef-4bbd-9078-1719270d773a,,,false,false
01c1d446-3469-4de1-9ec4-1a9c4f747df3,,,false,false
b2b6e00a-f976-4f03-981f-6a98eaf71f50,,,false,false
86a30882-e00e-4037-bc27-4348afa4fd48,,,false,false
a2c93a85-aef0-45ee-a4f2-4c3b3fdde52c,,,false,false
ea780884-0d4b-4ce3-8147-165b550f6bf4,,,false,false
2eed8402-210e-4454-99c9-9dce09cd73b0,,,false,false
5534ecb4-04fe-4fb9-84c0-e6a5c0c116d1,,,false,false
48e82223-26c1-4f23-9273-9edb061fec4c,,,false,false
f2694c7f-54ec-42e9-9714-bb7794d582d4,,,false,false
facf2cb9-8464-40a8-8cb3-606068958f5d,,,false,false
f8346aa3-50d6-4d56-9909-837aebae7d91,,,false,false
60ecb895-3670-49b9-bc25-56b03392959e,,,false,false
21c501c1-eb3a-49c9-9576-a0aeee1be673,,,false,false
42c530fe-eafb-4677-87f1-c00549df3f05,,,false,false
6a761bd0-8229-4090-a3f2-c768de19208f,,,false,false
32eaf646-152b-464f-938a-1084c56359fb,,,false,false
15acadf6-51b4-426f-805b-f4a3d4151dbf,,,false,false
36381b71-7a60-49bc-a3d1-fc47a23bd02c,,,false,false
0627a4ee-acbd-45a5-b613-6d3d09de717a,,,false,false
85784f7c-94e0-413e-b129-2f222ecb7cc9,,,false,false
aba449a4-44b0-4665-a29e-d161cf4ed792,,,false,false
378e91de-150c-4f15-ad07-7c87395fafdf,,,false,false
6ae10eb1-48e9-4e17-9f21-25c359e6741f,,,false,false
95f3d571-6744-45a3-b461-8d9511d3556b,,,false,false
dd7305b5-dcd4-4e01-9c9e-6e3dd78334fa,,,false,false
b076b82c-1412-49c8-95e8-efc4eefd342e,,,false,false
d1bde33b-1db5-4073-b6ba-0ad48baa7a7e,,,false,false
e6261979-d474-44f3-bc79-c040cdfa89ba,,,false,false
8fd64e95-6a7c-4b2f-9c2a-1a4980607242,,,false,false
07875fe0-bcb3-4153-af22-d9f75c800896,,,false,false
9cbd74ca-5a0f-48a6-82cc-e9710af5e22f,,,false,false
45dd71a9-e241-46e7-bb7b-7d2ad72ac200,,,false,false
7ca33c2e-7104-4187-813d-1dac187f026a,,,false,false
3128f915-b81e-4cd4-9edf-5d44aa86ae8f,,,false,false
70a39c08-8d79-46ea-ac9d-47e45953b00e,,,false,false
1f3a5777-c4eb-4ecd-8c54-86b15cf2dd5a,,,false,false
04b07e01-8145-4490-bc42-83188973c443,,,false,false
c66c3167-42cc-4f5b-900e-ca758a0b5f21,,,false,false
6b9ce5f5-a372-4431-87ea-f7ed8a7b26da,,,false,false
e4a0891c-c3fa-4fc4-af18-d69fd1ff5e35,,,false,false
2155f79a-58d0-4b50-a4eb-fe43ad9bf1fb,,,false,false
5a9c7549-b289-4044-8862-f3d9859db7a6,,,false,false
48ed04a1-5d64-43d8-9e8c-72f878210821,,,false,false
f1106486-b613-4f0b-84e6-208e23289a6a,,,false,false
fa031488-967f-4b74-aedf-72bce3cbc8e9,,,false,false
6e105c8e-52ca-49cc-ba40-a7fd053893ba,,,false,false
3d0944f9-2725-428c-966e-cc2ba3906023,,,false,false
49145a80-d77d-4119-a662-8e81057415cc,,,false,false
8a1b8b3e-87e4-4b5c-83ec-609fb3a955cd,,,false,false
539c23f8-231e-4b38-a1ff-06b96c9bc3cb,,,false,false
449993c8-f9c8-4767-acc9-787631170df6,,,false,false
699a9efc-33c6-4fea-b8c6-2d2fd2fd0cff,,,false,false
1e339aaf-7f98-4610-9593-506fe0e5a279,,,false,false
e3a167da-8b39-4f3b-9e7b-dc28c7c26538,,,false,false
c98cb735-81fb-4c39-a23a-83adcc714581,,,false,false
656e0be4-c9b6-4bf3-9226-df98b63c0160,,,false,false
0262180c-b22f-480c-bb3b-6df5adc5791a,,,false,false
1be2e248-e134-42dd-93b9-b97fedcd6e83,,,false,false
7ade677c-a6b4-4962-ab11-d90f57bf50b0,,,false,false
c11f920c-8dd7-4b9e-97d0-7889f5d6e1ed,,,false,false
306cc7d6-0734-4944-a53a-2eafff40a793,,,false,false
a17cf3e2-4c1c-42ad-9a11-ed153c466c70,,,false,false
cd0b711b-9b2d-4f1b-809c-ca7ffa54f43a,,,false,false
552f6427-97aa-4016-ad69-e83568d7a702,,,false,false
b321b65f-b4bb-4d44-80d2-907327eb0f4d,,,false,false
8917de7e-26ea-4591-912c-666d766b968e,,,false,false
99118a0c-1f50-4034-b8bc-6b94d14817a1,,,false,false
d5f37fa5-1a39-4d99-8b48-64bcc5410860,,,false,false
928bbb2f-bab1-4cf0-96f7-f04063fe055c,,,false,false
b995c75a-3c0f-4c2c-ac19-38f9027e9e85,,,false,false
722bc53c-536a-4894-8f8d-6b0002a02e1c,,,false,false
1329ce42-5826-470a-97ec-dcd7e87c780f,,,false,false
d78ad1ff-eabc-4fec-8311-56228b12e0d1,,,false,false
2af522d4-b9ee-4cc5-8911-29421625fac4,,,false,false
5ba919a7-e6cf-45f5-89ee-d611200db5b3,,,false,false
be01bd08-9d0b-4055-98af-4acae074b1d5,,,false,false
1558a1fb-8f9c-44ea-8d54-25b365241ea0,,,false,false
8de05f2b-1ecb-47db-9fd3-9d3f93a80757,,,false,false
0cee4ff4-f9e2-4579-a74e-a8d45b87f630,,,false,false
d6be3ef9-d61b-4fd7-b2df-df2a31aeed8c,,,false,false
39dae733-eeb3-4950-aea5-67a917c42818,,,false,false
a7e2b22e-52ad-44a3-ab1c-491d2a1979f3,,,false,false
b9e23fc2-1fd4-4af9-b1a7-fe1f946642a3,,,false,false
a18595f9-3cd8-4481-8e69-a1f60c4d8fcb,,,false,false
768359df-88f3-4823-90a0-cd6e0d4d0f6b,,,false,false
eee0f2a5-0be8-4491-925a-88e344f0ed99,,,false,false
76b39f8f-5933-41fa-bc46-b72b1422e651,,,false,false
2147f6fa-4597-49b9-a7b0-13d0de709d39,,,false,false
7c64f6a9-33b0-40b6-8389-ab1d0a47b31d,,,false,false
f05b42f8-bb02-44b4-ad2f-b39610f448df,,,false,false
3b146d1e-c852-4371-a843-1fc398e6f064,,,false,false
2e0ddc41-bd5c-49a1-8d8c-37d5c3f22808,,,false,false
6f2e9859-d961-453a-9b65-a513ee66f0da,,,false,false
ec2ae088-fbeb-405e-8c9c-88ac45aa3127,,,false,false
c1d0b9ab-2b17-4bee-8b34-022e79de91ec,,,false,false
f2bded34-636a-4d07-a401-875a21ef66a2,,,false,false
3dfcaffe-aa3b-44de-8237-9b57257f39d6,,,false,false
79e8dc58-4f4b-4510-9b33-22f122b55ff5,,,false,false
4169ef66-1a36-446b-b3fc-ae70d3b57f84,,,false,false
429e3e6d-2647-499a-9fd8-6be18afe9033,,,false,false
b1d31238-9c8f-46cb-9480-1233eef3e6ba,,,false,false
4e63ea17-46a6-453d-9040-10b176c64850,,,false,false
97b2a0cb-6db5-4316-b7d2-9907c5061144,,,false,false
6008f983-08a7-4e9d-8cc2-d39e7b806b70,,,false,false
06a42540-19e4-44d4-b6a6-e4efddfd5759,,,false,false
0d42d05b-5352-444c-96b2-ca0351c998df,,,false,false
fc15757b-4bbd-4caa-93f3-5812cf669dea,,,false,false
d8cda34e-82a9-4c45-9f93-a9a2621bb626,,,false,false
87597d93-53d6-48cc-b994-c871c52e32d3,,,false,false
a4869475-b525-45ca-a460-80c3e33f1698,,,false,false
abbca57a-a702-4827-9e31-844f7823525a,,,false,false
5e6996cb-9b3a-4661-8f4a-5995e64a500a,,,false,false
78764ff1-4822-443b-94c8-b97e4fb4cd7a,,,false,false
10e06406-c79c-4d08-bfd4-a180e73ba104,,,false,false
934d4a6f-0e1a-4f94-902f-436f5f9089fd,,,false,false
aecf27de-a508-4422-a13c-ca590f89238f,,,false,false
6c7c3203-9b77-4fc1-9e7a-0d63a0a3fed9,,,false,false
8b1c5e7c-0cb5-4c08-9ed6-709024b2fead,,,false,false
ac745521-cfb8-436f-bfb7-e76f630c51f7,,,false,false
1aa4e50b-af46-45fd-9f90-fd181db60f4f,,,false,false
a1f713c9-3224-4573-b3db-280d8d00e4e0,,,false,false
d0dc5989-80ce-4087-ac51-c752904eaac6,,,false,false
beeff6b7-8672-4306-836e-bbb6e0062a61,,,false,false
c1cd5803-916b-4a71-a362-327d5ed89e1d,,,false,false
da7e9ad7-dea9-41c8-8bac-5f2048be696e,,,false,false
0313a527-5f6c-49cc-9208-10eb5546de1b,,,false,false
a8725955-92e6-4faf-b493-bb50427d3c61,,,false,false
5de0d3bd-19b0-49b4-84a6-2686cf6b0822,,,false,false
457a9f8c-ffc9-45d2-bd45-5fd05d9eb226,,,false,false
4ac0f18f-e1a3-45b7-918d-687c474bf2e7,,,false,false
6d075d3c-53ee-4d85-aa35-b90062d617eb,,,false,false
794c643e-1eee-4315-a6d8-9cb8f95b1f4a,,,false,false
0100ec90-9c76-4e35-9db2-be462217caee,,,false,false
ed939919-0ef2-4315-8191-ec3de1888865,,,false,false
9e37b719-c04d-4be7-a0a1-2d0598ee67c0,,,false,false
fb83e32f-4e40-49f9-9d97-9c4a2921a6b1,,,false,false
63605e75-f6c8-4daf-b31c-3f338f1493d8,,,false,false
79f26467-6649-423b-b2ea-fc3836d29295,,,false,false
517e0205-2a5f-4f38-a536-16f8c8402165,,,false,false
12e2c601-f4b9-4952-89c4-69a01609de78,,,false,false
41b23a41-ecb7-4b15-b257-04cf45413318,,,false,false
888fc6d3-ac4e-41ca-8afb-d1e91294b01a,,,false,false
f41ff552-65a5-49b2-a5a5-7f77ecdbd697,,,false,false
a5616d26-c1b1-4863-8186-6bb5e2e98237,,,false,false
832bfed3-dad9-4baa-8b04-00b61d3b0b4b,,,false,false
a9680799-74a9-4916-937e-1242226c5544,,,false,false
3f7676b2-0ce6-4feb-9609-6c020bcfb09c,,,false,false
9b0ea738-10d8-4a0a-93e6-405e77069786,,,false,false
a5914d41-ea0e-4553-9a7a-819b85ddea15,,,false,false
c1120077-74ff-40d9-af31-b552f07721a0,,,false,false
f6ae034c-88af-4693-88af-44c475567f43,,,false,false
0fd326c5-5a1f-4ac3-a86e-7543af261add,,,false,false
87b186ce-f28e-4916-9320-1908d6ddf7d3,,,false,false
084fee53-344b-44b5-9031-a02c14a6a1d4,,,false,false
e2d0fde6-7930-4692-98be-54cdb9fbc2be,,,false,false
2a9e7586-d385-4c98-ad79-753bfbca05d5,,,false,false
ab5aae1b-c7a2-46ed-8e49-2695dba4c973,,,false,false
b8dfc3d4-af47-41d7-8e26-60104dd5d08a,,,false,false
ead73726-1443-41a1-8fdf-67bdcf02d88a,,,false,false
6a62ccf7-c8d8-4e13-a38f-029b2f5afced,,,false,false
0bd7163d-cae7-4b79-a7ff-7e673b7bb883,,,false,false
dea5f5f1-c956-438d-8eb5-ad0958a685fa,,,false,false
f670051f-1f90-4337-add2-9b988676dfa7,,,false,false
c322bea7-6f6b-4a3f-8a55-f76546258b54,,,false,false
c95051ce-1df4-472d-ace2-210dec751a30,,,false,false
56e54c07-5a55-4626-b49f-34e72f3361a0,,,false,false
25a9b126-73c2-4b3f-b92d-648b72ee438f,,,false,false
9c763ff9-d434-4f2b-bbe8-d7061b93f7cb,,,false,false
33e49872-dbd1-4150-81fe-5d50691f9467,,,false,false
c70c6a55-51e7-4657-beb1-32bcfb20b05c,,,false,false
99b1e750-856e-4a4b-9bc0-2af03b863196,,,false,false
4b651faf-bcf5-4f6e-8e66-4a04f07bc0bd,,,false,false
b762d31a-af93-4dbb-8064-08c0a45bb402,,,false,false
01ecb418-4573-4d8f-8230-c79784ecd93b,,,false,false
c39da7f7-8bab-43d7-bf92-47c584fffce9,,,false,false
44a32b53-a9ac-469f-97d1-9e005f3760bb,,,false,false
27f7106a-c63d-4e1a-8254-a19e2ff78cc3,,,false,false
372b7287-2049-4651-ab3f-7f5ae5cc6716,,,false,false
c4715312-2e3e-4809-83dd-84474e05a275,,,false,false
ceb64ee8-1eb3-42d9-8dbd-69dd645896c5,,,false,false
120e158a-f950-4ae2-b4bf-953de83cab50,,,false,false
805ec087-bcb6-4f63-904e-ef6bd180e8a8,,,false,false
5252747a-aff6-49fe-aaf1-7eb2c8faba8c,,,false,false
376c4a6f-43d9-44c0-8291-2eeeffd0ec9d,,,false,false
a8b07bff-1542-4c77-bada-539e6104ea39,,,false,false
dac4f226-8e1d-40a7-9859-8c6787ce8149,,,false,false
705e8a9b-c264-44d1-99bb-43cb65bf0bcb,,,false,false
23cad193-9cb4-4e06-bdd1-810936668588,,,false,false
91f94408-4a35-4490-8642-b871614dea6b,,,false,false
e2f08370-b3a8-48a5-b0d9-cb49fed623d4,,,false,false
5650814d-cc97-4305-9eac-4e605adfd5aa,,,false,false
c2e57a7b-aafd-4300-8edd-123715455293,,,false,false
9de24d9c-038e-4ec8-b570-8f1f45fe4011,,,false,false
5bbbc49a-f048-41b1-bddd-a72dcc5a17ed,,,false,false
489aabb6-e3be-4584-ad92-0b620aa40174,,,false,false
4e60a3a4-93d6-488a-84b7-3866666f3406,,,false,false
41ad2921-2e01-4ebb-9d90-c14580744fd3,,,false,false
81103d99-f9a4-4118-a137-e58ccb1eedf2,,,false,false
cebdf79f-e2b8-40f7-8664-4f619bd33314,,,false,false
d48f25cb-d44f-443f-a68b-ae68b3e0db54,,,false,false
2b79278d-bd29-4d18-a6db-7be871ab986d,,,false,false
08253174-ba0a-41bc-b296-98a1c65eb501,,,false,false
6ca1f045-91ea-40e0-970a-25b60e3b1a77,,,false,false
cde15b2f-476c-4461-b273-1dc746745caf,,,false,false
ef0ed332-7d15-4723-b32e-7b7988fe0de6,,,false,false
510620b3-ada6-41dd-9687-286ad5c609b0,,,false,false
a792f5a4-9020-4e49-8f48-96f6abcf00db,,,false,false
0f9ba5e4-3544-4ce2-aee4-9387dea70b91,,,false,false
3e403971-d5d4-4acc-9e65-d4efe97c88bc,,,false,false
f6cab77f-24cd-4ccb-a940-c36b4dda751c,,,false,false
8a3f6358-b0fb-4df0-8a5c-7889ff8c7448,,,false,false
a92605cd-358d-4a7b-b599-d2c132b8c272,,,false,false
6dea7a46-899e-43ec-a278-6e4d79b60b42,,,false,false
cdd2ea18-4354-4f9f-8dc9-8317233ef018,,,false,false
9772e3b3-b8a8-482e-ad6a-eb6612821ed3,,,false,false
8d284dd6-b027-47b2-9718-37d7bcfcd2d5,,,false,false
4bc85134-64c2-4cf9-aafe-52b99b605669,,,false,false
aca72313-57ee-4db9-ac70-f7ef498505ae,,,false,false
7e4c432e-835a-4272-b4d3-dcc63723808e,,,false,false
d81e8a6a-824b-4e73-aa94-ba650d65f9d7,,,false,false
2e6bed0f-5d0f-4ef4-b216-10da6ea46dad,,,false,false
b2710fdb-6ff8-44f4-ba3f-b45b04d6f4a3,,,false,false
960dfa17-d0d0-49d3-b532-f7d0e0cf140d,,,false,false
72ca66e2-2a93-4f12-a3c1-c1441b4d7f18,,,false,false
234b75a6-e3aa-45c1-982c-27cc55263be1,,,false,false
8b8d1ad2-896b-4690-aa38-7e9e81bf2705,,,false,false
ec66f4d5-b455-4ea3-b5cf-e506969b2620,,,false,false
46bbb6b4-5a04-4ac0-bf26-0304ad80682d,,,false,false
e7c06157-0846-4f4e-8d40-1dd2f54886fb,,,false,false
965c601d-c7c4-43e3-82c5-3ebb377bb10f,,,false,false
29dc431a-c147-4ecf-8fd2-4baae4251585,,,false,false
d0c4f178-7dc7-47a6-b22c-908c569fc61d,,,false,false
2bf9ec6f-c92e-40e9-b86a-6b1acc460012,,,false,false
e29c6391-ea02-4ddd-9173-21f5f1a771de,,,false,false
d27ddc53-1d76-44f2-90ec-b6ffa02f74f9,,,false,false
d98a89b9-8b85-4f4d-9fa2-cccac745052d,,,false,false
cb15c81f-42a0-404a-82d7-66014e570d13,,,false,false
52e4d1c7-6204-413e-a149-05a88bae0f53,,,false,false
fb51e51c-4c7d-447b-ba81-8a8a67f979c5,,,false,false
e8588608-80e9-4225-af91-ba2eb758e317,,,false,false
821910ec-275d-4828-8556-e1ee5da6d216,,,false,false
d0ea3677-8c10-4b63-8abe-84c689318e96,,,false,false
b8936467-62db-4491-8c7f-1036f9d9cfa6,,,false,false
6f6a8906-839a-44dc-91b3-5421f5050d53,,,false,false
395249d1-55f1-4f77-87b4-dbd78b5c3da3,,,false,false
d1d2bea3-a63f-4758-97af-2b8f1a3923b6,,,false,false
82b4818d-fe80-4aea-aadb-18e837f3d85f,,,false,false
2ea4070e-2886-45d3-99e1-b7265b360cfb,,,false,false
cc4362d7-3c65-49d4-a4e7-0b0a4b359828,,,false,false
b989b6b0-8011-4a0a-9111-a20664e39f12,,,false,false
32ff31f7-332d-432b-8214-e62eaba8fff0,,,false,false
ed04fa01-ea31-4bde-9127-893f273e7782,,,false,false
83afbe77-541b-4b27-90e1-c050a4f76dab,,,false,false
60c4447c-b78c-4b1c-b002-32f7887a9731,,,false,false
fc840ddf-f60c-4226-9fb2-78951b42a483,,,false,false
f89ab33a-b8d7-498b-94d7-cc5dbe64cff0,,,false,false
9ea3d3a7-8482-407d-b27b-bd430404a414,,,false,false
598d7fec-b579-463c-973a-f0dfb261886b,,,false,false
4e2aebd3-588c-4416-beae-e5301a26be0c,,,false,false
37cdab5a-0cd0-4aec-a493-8361a990b07e,,,false,false
8c2583f3-0218-42e2-8701-d2ec02bf2298,,,false,false
c1a4f9f1-ab67-4d4f-8d90-a18fbc5c90d9,,,false,false
ddde7544-257d-4308-b633-f6aa628ec204,,,false,false
c024bfbc-fba7-4eb8-b4cf-11911feef93a,,,false,false
215ae521-228a-4e37-804f-daa09555431d,,,false,false
bcbde795-a5e8-41c8-8d9d-fba52dd84af5,,,false,false
dc4f8969-72c0-490e-987b-6bcf7b00b486,,,false,false
dca88adb-463f-4e10-8be0-e48616251462,,,false,false
a2bd2386-b4a7-43cd-a918-4b7802df14cd,,,false,false
e1cc87e0-8e1a-4bd3-a5a2-da642bb53124,,,false,false
1a0dd4fb-d6d6-4339-82ea-59fffe0d3ac9,,,false,false
b01d6244-c126-4931-8151-bbaf39dc35c5,,,false,false
343078fa-6c37-44dd-86bf-d70633ec7189,,,false,false
e7ad0b39-d31d-4820-b70f-a0c073251be6,,,false,false
0b108608-c55f-4326-8600-4f715eb38dcc,,,false,false
ec775194-68f1-4e46-999a-a1518ce3b938,,,false,false
caed593f-ccc5-4bf8-9c0e-6efe73cc1d39,,,false,false
d1964ba4-1f20-416a-9546-4076879b047b,,,false,false
c7cd2664-ae84-4c6f-b8ad-84c0392d7532,,,false,false
732eef77-2271-4dc8-9266-28f92c538b5d,,,false,false
8a5e8233-f930-42c1-81b6-7d2c30c72d5d,,,false,false
2d67ef1d-aa62-426a-8d64-c135d68da1c2,,,false,false
25186c0b-6529-4eaf-ab00-2face38227ab,,,false,false
5a934ba8-d214-4940-94c1-ef86e8017f9c,,,false,false
d033b34b-1a58-4b05-ae15-35ded9befd6e,,,false,false
55c77515-2ce8-4f67-820e-ac668e00db13,,,false,false
b80bafe3-6b89-42de-bb03-d0865ba0cf0a,,,false,false
5fd934f9-6a2a-41b8-9286-830a501eb3fe,,,false,false
8e2157c9-ee05-46ee-afe3-e13e93e53e9e,,,false,false
2cb571db-211f-4bd2-9598-4a806429d015,,,false,false
ef4ddfd6-b10f-4c42-9a2f-6b1841b0b703,,,false,false
04677798-4dca-4a8b-8e97-42813cd7e65f,,,false,false
8e6c2392-725a-402d-af47-0ab9829d43ff,,,false,false
48c7239d-19d6-4c91-9189-91a3146e645b,,,false,false
5faee57d-3672-4358-bb6f-f4eba15a9ffd,,,false,false
26af230c-f3ed-4dd1-b8fa-059987a47b9b,,,false,false
c92a6b90-c239-41a7-9645-e968cfebe12f,,,false,false
6af60a44-cfa2-4b81-ae0a-dea3f7f6049a,,,false,false
610938d9-fa47-4521-96c1-fee19de7c3f5,,,false,false
555e4edf-8aec-4fdd-bca0-cc8040388fe5,,,false,false
331e1b34-d2cd-4899-a10a-57980ee4c409,,,false,false
2b311315-c16e-4cd0-b4d7-58e7d92c20a6,,,false,false
c22bc891-ff54-4d71-a8c7-f59f2fef2214,,,false,false
a264bfc1-8c2e-428f-af4d-d71bf28d916e,,,false,false
a4dcfd80-3b89-447c-b2d3-6b65b4e17e5a,,,false,false
36b9b1b4-6dff-4a3d-84e6-06ca1169a301,,,false,false
e59a2ac0-fb00-47d2-9fc0-75c19628d39d,,,false,false
8d4de334-575f-4f97-a51c-95a49a3a2e33,,,false,false
bcd73fa6-c451-419a-a36e-a9be13766906,,,false,false
1cc31b94-9a92-43da-9d1d-befcb235bd26,,,false,false
685249e7-20d3-41ee-bdd9-71f04a409171,,,false,false
dfd5afd9-8317-4e23-9c74-cb3d5f3cb0c1,,,false,false
31494874-fba3-4d72-97c8-06d436a673ab,,,false,false
f524efef-5439-4ca1-9b97-41538c108083,,,false,false
91d05c0a-2bf5-4622-8d9f-af2872579462,,,false,false
6373dfd5-8d9e-4cb7-ab82-b0a7eed01a0a,,,false,false
1a5aeea2-b6a8-4d9c-b717-61a89e8cac46,,,false,false
65abbb11-d0f1-4768-8b6c-0aeded0e5596,,,false,false
8fcdc95c-7f4a-4402-b7de-71e2dba6773e,,,false,false
fef544c1-41bf-4b94-b715-c21d2eb92d1e,,,false,false
f4710f37-1df1-4775-8f27-1a023e40c3ed,,,false,false
c090e773-4b26-448e-b881-c2323b550adb,,,false,false
4b2960a6-de40-4dd2-9d27-1ae1351ab250,,,false,false
721b3e4e-191c-47a1-aa20-d92e32deb839,,,false,false
0ecd4e8c-705e-4693-a735-e25d2af37fc7,,,false,false
3ce72e6e-c4ae-4abc-b523-9fe9f2db94c3,,,false,false
bfade6d3-ccd4-4ee3-9d08-4e50c2665eba,,,false,false
50808c1f-45b9-4beb-a971-aee9d0f6bce4,,,false,false
e26cf26c-fa35-4aae-a4dc-c21227d1ca10,,,false,false
e7f7a2f6-12e5-417b-af65-9b100a51cfc9,,,false,false
26dac526-422a-4816-93ae-340e45453b38,,,false,false
1fedc32f-5bb7-42a4-964c-9cae9b2bf4ef,,,false,false
0779e848-0164-4acf-a102-7ab292d1dafd,,,false,false
0fca44be-9e11-4e5b-b2ec-0f2240e65b05,,,false,false
ea08746f-2676-4286-a889-30d2ca67ac28,,,false,false
fb69586c-e357-4eb0-85e1-b29022d12218,,,false,false
695fb7b6-431b-4a23-80a0-60e6d47e57cd,,,false,false
8b9fbc3a-6e06-4588-820d-91ee36e9e246,,,false,false
ee0a1b41-896d-4769-8600-5cb2692f0732,,,false,false
2b46e7f7-e4b1-498b-bab5-3fd49da9b76c,,,false,false
e1687e70-e487-4504-a95e-335039194a0a,,,false,false
2810cf57-cdef-4c8c-88de-60a1d716dd16,,,false,false
c2b21242-3103-4171-a03d-1c1e6c536b6d,,,false,false
e014471c-4f89-4e84-99c4-030b014f065f,,,false,false
7111ed54-46ff-4df1-be09-1bc8c616969e,,,false,false
903c4ad0-1e04-4e5e-848f-ab32c413b5be,,,false,false
e4b51fb9-fb43-455d-92ac-5e53200098a5,,,false,false
2119e7ae-6ce8-4957-9bb0-acf4749061c2,,,false,false
76359dff-7424-41a7-8769-70919f7dd075,,,false,false
7d23991b-a0fd-4cbe-8fbc-fb6b8333933a,,,false,false
0c801e16-6402-4b0c-ac1a-91d3327e9eb7,,,false,false
c6c8dae2-00f2-4a49-b8b3-fb0a831096ff,,,false,false
bf204c87-5ab6-4be7-a590-fa76ebc359de,,,false,false
3d13efcc-a8a2-4439-82bf-8b2df1aeb12d,,,false,false
f46325c2-d9e2-4734-9d94-780a5eb37df9,,,false,false
3b1a909f-35e2-4647-baea-e92e22829637,,,false,false
f8a3d204-b6af-43d0-98b4-a22a41e033d0,,,false,false
d45c2c8e-ea81-4efd-b661-16c1a8a4d64e,,,false,false
73c74b3e-a068-461e-be7c-6d2ec8414b5e,,,false,false
4d808f2e-f050-4c3b-a8b4-84dbbee5ec78,,,false,false
7f244740-6f4e-460d-861d-36f4fe06500c,,,false,false
08988f50-e9f4-4b74-ab25-529845a03597,,,false,false
60833ca7-124a-404b-a504-61f1da8db37a,,,false,false
ce1341f0-b119-4573-ae5a-6a9b1ba7ad04,,,false,false
8f6f36b0-44fe-4e6b-b742-1badca6ab3a3,,,false,false
84707321-eb9d-42af-9ed2-dbdaf010f2de,,,false,false
d2c67b14-2f39-4ae4-9fdd-a684c5413829,,,false,false
bcb2de53-62b9-4ff2-a596-9db4baf1235a,,,false,false
0fb7f948-83be-4861-b083-817368c83bc2,,,false,false
af40d7af-649e-4e06-b501-ae37c3e9354f,,,false,false
37264fb2-a674-4cae-851c-5323d4041b7d,,,false,false
3a237451-4c16-4810-bd91-d516ee4751a9,,,false,false
78dcc970-b484-48f6-a62d-52be3549fc18,,,false,false
10019c74-ea5f-49df-a905-aca9f4744bbd,,,false,false
ada6478f-265f-454b-ab82-d7dea042c2a6,,,false,false
10723b59-27ef-4d64-a0c6-0fb970c47242,,,false,false
6b3338ae-29ed-4089-91d9-87e013260776,,,false,false
6b644f9a-6ee9-4903-99ba-2718cd45094b,,,false,false
feda47e5-931d-4577-8c70-f65ed9a9421f,,,false,false
d4e6a6bc-3ab1-4172-836e-af723eeb1f2b,,,false,false
ddd22268-1288-4637-a93a-2e1c00ad0dce,,,false,false
b05c40cd-c01f-4409-b802-27a05b3c176b,,,false,false
1e597b8a-7711-4e2e-a7c8-e792ec0d5c5d,,,false,false
3b787668-9dbd-4e42-885d-eaac6878a29a,,,false,false
ef089431-4d9b-496e-8930-93a3cd719df6,,,false,false
3038c20a-ab7b-478d-afa7-41d8d371c92c,,,false,false
7e27265a-81d6-403d-beed-0f7b0687e4b3,,,false,false
da251def-c680-492e-a9e9-f083e5bf2d8d,,,false,false
5cb4f0ae-f138-47e7-a3ef-8b755a0f2e29,,,false,false
bf8aa089-ccef-4417-b9d6-ba4c48e0930c,,,false,false
564d4125-cbd0-4f39-9311-9a7ebca078cd,,,false,false
9425c5c3-b797-4824-a495-3a5bcb4c47ea,,,false,false
d861ffe6-27cf-4bf7-8108-1208d03b80d6,,,false,false
769bbfd2-4d42-440b-a94c-5084a3b3b8bb,,,false,false
799d4af1-bba9-44e7-bd69-83e38a1cf60c,,,false,false
c3d068e6-b84e-49e9-8edc-89470fbfc13e,,,false,false
08e35dce-14b8-46c5-9a12-30e44444d5fe,,,false,false
121bc91f-ecb6-4e7a-a887-770947d5cb99,,,false,false
63d8ea91-8f38-45d8-b5fb-8c2c6af73ef1,,,false,false
9e592279-620c-4652-a9d9-51a0ce69fbc2,,,false,false
9760a39c-2f0e-4f2c-9cf3-43f4b9349c15,,,false,false
64e73040-d018-4e2f-93cc-39339497f124,,,false,false
8e9f91e2-6229-4262-bd5a-740ef3411827,,,false,false
035479a0-be55-49cc-a552-1fe32d0571f6,,,false,false
95632617-da2b-4330-8d7b-64b01771f745,,,false,false
1dfa67d8-11fa-40b5-91e3-7c4fc82565e2,,,false,false
cd9a12f8-9542-433a-ae6b-6315fc5049aa,,,false,false
7cdb2870-dc7c-4add-9762-0b1dfa7843c7,,,false,false
04fd705c-f75f-4101-9d3a-be49215719bf,,,false,false
988d14ad-80cc-4414-93d3-b9eac69a43ac,,,false,false
d15738f3-2860-4393-b0ea-06025063567c,,,false,false
5bb8e4ae-855d-4b70-a450-a7ab7f3c3300,,,false,false
c939e152-934a-47d0-a935-49c26137d997,,,false,false
d241b566-6a19-4140-8055-3354bc90b98b,,,false,false
3dcc2dd5-bb43-40c7-a97a-8ef83f02a0f8,,,false,false
507948fb-73a9-4f02-8ffe-8208b9ff94ba,,,false,false
3cebb9b7-ff57-4725-a457-f82340e7a8fb,,,false,false
ea4b62c2-e12c-4950-87fd-51936efe5bc4,,,false,false
98fac3ac-4178-40e7-b003-0c333a430bdb,,,false,false
6dc621bd-b2bf-4e50-9c51-02cd0aaa0e7c,,,false,false
4ff98047-8cc4-4ebf-b3bf-f6c9a48db58c,,,false,false
87e04d35-c695-4c65-b808-a8ae9cac27c1,,,false,false
cd192392-d2bd-4382-b752-11ba7eee89d7,,,false,false
4701f4c2-e6c1-4f85-a89f-a1e7f975c506,,,false,false
d9592080-459f-4802-b64f-4d778270cf96,,,false,false
375f1846-2aad-43f8-85b7-656b4bf0325d,,,false,false
c00f7df4-2e32-47bd-ab31-2c40716b64ab,,,false,false
f91d6de8-b9b4-4acb-a46f-4bfe6515032c,,,false,false
5a29ef23-15c1-4aa8-bed3-3efe765f8350,,,false,false
9b7d3fba-9272-4a56-a48e-02e0972a286e,,,false,false
7e33be1c-946b-45a8-8bac-40a8d377fc6b,,,false,false
9bcdc453-c5d8-4b7d-9e21-84591eb615af,,,false,false
105fdebc-4166-4786-97ad-706588d77c30,,,false,false
7a8b181b-6e48-40b6-b2e9-4e565b533b14,,,false,false
6c295a88-8877-483a-8647-55db95a94512,,,false,false
513db866-420d-4745-b91b-45f86cfe55c8,,,false,false
